Duygu,Yorum Yapan,Yorum
1,@sezginsenucar9897,DERHAL  GEREKEN YAPILSIN YA   YETER ARTIK ÃœLKEDE ACAYÄ°P YOLSUZLUK RÃœÅVET SIKANDALI DUYMAYA BAÅLADIK
1,@alieralp798,"BaÅŸlayan soruÅŸturma Ali ErbaÅŸ tan baÅŸlatÄ±lmasÄ± lazÄ±m, bu TÃ¼rkiye'nin ayÄ±rdÄ±ÄŸÄ± bÃ¼yÃ¼k bÃ¼tÃ§eyi nerelere harcÄ±yor diye"
1,@ufukdikilitas9297,"BoÅŸuna uÄŸraÅŸmayÄ±n, onlara bi ÅŸey olmaz!"
1,@mdnmzz,Akharamiler istifa
1,@odin_fatih,"Vergiden kaÃ§Ä±nmadÄ±r, vergi kaÃ§Ä±rma deÄŸil nasÄ±l olsa milyonlarca veren var"
1,@Ygjhbkjnmmnnkjnnj,"Herkes adamÄ± suÃ§lamÄ±ÅŸ???? ArkadaÅŸlar siz nelere gÃ¶ÄŸÃ¼s gerdiniz, bunu da unutacaksÄ±nÄ±z, bu kadar kasmayÄ±n. BalÄ±k sizden uzun hatÄ±rlÄ±yor"
1,@albayrakkerem,Chp li biri olsa tutuklu yargÄ±lanÄ±r
1,@karadayi9334,Mekke sorumlusu bÃ¶yleyse TÃ¼rkiye sorumlusunu dÃ¼ÅŸÃ¼nemiyorum ????
1,@Cagan-88,RÃ¼ÅŸvet alan yÃ¼kseliyor ??
1,@Besiktas-xx7qi,Yiyin efendiler yiyin ÅŸarkÄ±sÄ± Ã§alsaydÄ± alt fonda Allah alanada verende bu dÃ¼nyada kan kustursun
1,@HakanDogan-b8j,Sorun olmaz buna..SayÄ±n Cumhur  BaÅŸkanÄ±mÄ±z buna yeni Mevkilerde Ã¶dullendirir...Buda Zagten beni Ã¶dullendirsin diye bunu yapÄ±yor bilerek..
1,@ErSan-o7t,Kaydediyormusun demesi suÃ§unu kabul ettiÄŸinin ispatÄ±dÄ±r. Para saymakta bir hayli mahir gÃ¶rÃ¼nÃ¼yor umarÄ±m onada Baklava kutularÄ± gelmiyordur
1,@cefffun,Ä°ÅŸte gereken kiÅŸilerle paylaÅŸmazsa bÃ¶yle olur.
1,@ahmetuncu2767,Ä°badet ediyor gÃ¼nÃ¼mÃ¼z tipi badem bÄ±yÄ±klÄ±.
1,@ecosystem777,"Zor olmuyor mu ya elde saymak, makina alsalardi bari"
1,@mustafaylmaz6015,Bu adam rÃ¼ÅŸveti ne yapacak hangi iÅŸ karÅŸÄ±lÄ±ÄŸÄ± alÄ±yor beledite baÅŸkanÄ± deÄŸil yardÄ±mcÄ±sÄ± deÄŸil Mekke'de hangi iÅŸini halledecek gÃ¼zel otelleri mi ona verecek
1,@bekirbilgen4032,KÄ±lÄ±f bulur kapatÄ±rlar
1,@selcukozay8000,Malum  bÄ±yÄ±k malum tip
1,@Ã–ztÃ¼rk-e3l,Ã‡Ã¼rÃ¼me var
1,@ozanakkus5104,"Sorun bir MÃ¼slÃ¼man din gÃ¶revlisinin hemde Mekkede rÃ¼ÅŸvet almasÄ± deÄŸil, sorun rÃ¼ÅŸvet alma olayÄ±nÄ±n ifÅŸa edilmesidir. AyrÄ±ca nerede alsaydÄ± Vatikanda mÄ± rÃ¼ÅŸvet alacaktÄ±. AyÄ±p yahu...??????"
2,@niyazigokce5189,ArkadaÅŸlar Ã¶lÃ¼nce TÃ¼rkiye cumhuriyeti ana yasasÄ±na gÃ¶re deÄŸil kurana gÃ¶re hesaba Ã§ekileceÄŸiz unutmayÄ±n.
2,@Furkantrn-m9o,Bu zamana kadar gelinen noktada adalet thukuk ekonomi olarak kaÃ§ kiÅŸi memnun ve adalete gÃ¼veniyor. SaÄŸcÄ± solcu muhafazakar her siyasi iktidarÄ±nda.medeni kanun yada anayasadan kim kaÃ§ kiÅŸi memnun veya gÃ¼veniyor..sorgulayan varmÄ±....
2,@Nina41ninova,"Burda tuhaf bir ÅŸey var, annenin miras bÄ±raktÄ±ÄŸÄ±nÄ± dÃ¼ÅŸÃ¼nÃ¼n mesela. OÄŸluna 2 kÄ±zÄ±na 1 pay bÄ±rakacak. Ä°ronik deÄŸil mi. Bence KuranÄ±n ilgili ayeti ile ilgili anlamadÄ±ÄŸÄ±mÄ±z bir ÅŸey olabilir. Ezber bozmak gerek sanÄ±rÄ±m! Yani gÃ¼nÃ¼mÃ¼zde pek Ã§ok kadÄ±n erkekten daha zengin ve etkin! Toplumsal manzara Ã§ok farklÄ± geleneksel toplumlara gÃ¶re! Her manzara kendi nazarÄ±nÄ± yaratmak icap eder! TÃ¼m saygÄ±mla! Herkese barÄ±ÅŸ, huzur, adalet ve sevgi dolu bir hayat dilerim. AyrÄ±ca Medeni Kanunun dÃ¼zenlediÄŸi bir alan ile ilgili bence tartÄ±ÅŸacak bir ÅŸey de yok. Sadece bir hutbeye istineden kimsenin bir hak kaybÄ±na uÄŸrayacaÄŸÄ±nÄ± da dÃ¼ÅŸÃ¼nmÃ¼yorum. Ä°nsanlar kiÅŸisel olarak dindar olabilir ama Ã¼lke kanunlar ile yÃ¶netiliyor. :)"
2,@dwturkce,"Bir aÃ§Ä±klama yapan Diyanet gÃ¶revlisi Ahmet DaÅŸtanbek suÃ§lamalarÄ± reddetti: """"Mekke'de sadaka daÄŸÄ±tÄ±lmasÄ± iÃ§in bir hayÄ±rserver tarafÄ±ndan gÃ¶nderilen para. 10 bin dolar teslim edildi, 270 bin dolar sÃ¶z konusu deÄŸil"""
2,@muratzara,Mekke sorumlusu ????
2,@hasanyalcin3306,Ä°mam Hatip yada cami yaptÄ±rma vs vs dÄ±ÅŸ gÃ¼Ã§leri de bu iÅŸe sokabiliriz.
2,@gameizasyon,Maasini cekmis ??
2,@ekmekh,"Bu dÃ¶nemde bÃ¶yle ÅŸeyler Ã§ok oluyor, elbette Ã¼stÃ¼ne gitmeliyiz fakat bircok rÃ¼ÅŸvet dosyasÄ±nÄ±n Ã¼stÃ¼ne gitmiÅŸ olarak bir ÅŸey sÃ¶ylemem lazÄ±m. Sadece bu kesitten aldÄ±ÄŸÄ± paranÄ±n rÃ¼ÅŸvet olduÄŸunu bilmeyiz. Karar vermek icin daha detaylÄ± bilgiye ihtiyacÄ±miz var. ÃœstÃ¼ne sadece devlet kurumlarÄ± deÄŸil; kurumlarÄ± sÄ±kÄ±ÅŸtÄ±rarak, ÅŸeffaflÄ±k isteyerek biz de gidelim."
2,@mahmut123456,Benim anlamadÄ±ÄŸÄ±m Diyanet Ä°ÅŸleri BaÅŸkanlÄ±ÄŸÄ± Mekke sorumlusu rÃ¼ÅŸvet karÅŸÄ±lÄ±ÄŸÄ± nasÄ±l bir iÅŸ Ã§Ã¶zebilir ki? YÃ¼zde 10 rÃ¼ÅŸvet desen bunun arkasÄ±nda 3 milyon euroluk bir iÅŸ olmasÄ± gerekir. O iÅŸ neydi?
2,@gurler2016,"Meselenin baÄŸÄ±ÅŸ olduÄŸu,kameraya Ã§ekeninde bu gÃ¶rÃ¼ntÃ¼leri baÅŸka amaaÃ§la kullanmaya Ã§alÄ±ÅŸtÄ±ÄŸÄ± kanÄ±tlandÄ±.ParanÄ±n gerÃ§ek sahibi aÃ§Ä±klama yaptÄ± algÄ±ya gerek yok"
2,@EÅŸrefUÃ§ar-g6e7z,Ulan bu nasil  olay
2,@bekirengec33,Yemekten sonra tatlÄ± yemiÅŸler  vay vay vay ????
2,@burhandogan9278,"HiÃ§ deÄŸiÅŸmemiÅŸ..Ã¶yle de Ã¶yle,bÃ¶yle de Ã¶yle."
2,@mariam_clever,45 yaÅŸtan 80 yaÅŸa gitmiÅŸ
2,@nihatgunay5120,Merhaba Murat bey
2,@zehrayigit7226,Siz neye inaniyosunuz Ã§ok merak ediyorum
2,@mustafasarac3061,Diyanet Ne dedi ne dedi
2,@Kayseri-t7p,Bu kadar personel ne is yapÄ±yor
2,@yasinhocuk8604,Dedem rahmetli derki bi ay maaÅŸ verme  hiÃ§ biri durmaz derdi
2,@Mehmetali-j8m7e,150.000 personel 1000'er lira verse 150.000.000 tl eder 150 milyon eder. Ã–nce kendin vereceksin millet arkandan gelir.
3,@havvatabanoglu3148,DÃ¶rt cesur yÃ¼rek kaleminize saÄŸlÄ±k saygÄ±lar
3,@gurkansenisik,TeÅŸekkÃ¼rler.
3,@semakaraer-kh1yx,Cesur yÃ¼rekli gazeteciler yolunuz aÃ§Ä±k ve aydÄ±nlÄ±k olsun. Takipteyiz...
3,@SenayHoca,Bu diyanet kapatÄ±lmalÄ± ??
3,@YildizVural-lz5lv,Helal olsun cesur gazetecilere
3,@laikveataturkcu,DoÄŸru yolu bulmuÅŸsun...
3,@Belma-lo9yr,TeÅŸekkÃ¼rler ????
3,@serpilozugurlu8812,"tebrikler, teÅŸekkÃ¼rler"
3,@akantopcan4402,Bravo.
3,@AhmetAcar-u6o,Bu dÃ¼nyada cennette yaÅŸÄ±yorlar.  Bu onlara yeterde artar bile...
3,@aliguray9787,Helal olsun tepki gÃ¶steren kiÅŸiyi tebrik etmek lazim
3,@mustafadilli757,Ah be bu fikir Ã¶zgÃ¼rlÃ¼ÄŸÃ¼ ne gÃ¼zel ÅŸey.
3,@-hanifecnr.fo9wl,"""Biraz susmayÄ± deneyelim..."" Ã‡ok gÃ¼zel anlatmÄ±ÅŸsÄ±nÄ±z Hocam??"
3,@aysedogan7704,Helal olsun size darÄ±sÄ± diÄŸerlerinin baÅŸÄ±na.
3,@elalemneder1901,Kurban olduÄŸum ne kadar da gÃ¼zel sayÄ±yor. YÄ±llarÄ±n tecrÃ¼besini konuÅŸturuyor
3,@mehmettarkan2428,Ayhan hocam Allah sizden razÄ± olsun hep hakikatla aydÄ±nlattÄ±nÄ±z bizi
3,@CemalettinCoÅŸkun-r1k,"Amiin, bilginize, yÃ¼reÄŸinize, aÄŸzÄ±nÄ±za saÄŸlÄ±k kÄ±ymetli hocam?"
3,@knninn5810,"Bu kadar hassas ve Ã¶nemli bir konuyu, bu denli cesur ve entelektÃ¼el bir derinlikle ele aldÄ±ÄŸÄ±nÄ±z iÃ§in tebrik ederim. Diyanet'in tarihsel kÃ¶kenleri ile gÃ¼nÃ¼mÃ¼zdeki anayasal konumunu bir arada deÄŸerlendirerek yaptÄ±ÄŸÄ±nÄ±z analiz, konuya Ã§ok boyutlu bir bakÄ±ÅŸ aÃ§Ä±sÄ± sunuyor. Toplumda pek konuÅŸulmayan Ã§eliÅŸkilere parmak basmanÄ±z ve sorgulayÄ±cÄ± bir tavÄ±r sergilemeniz takdire ÅŸayan. Bu aydÄ±nlatÄ±cÄ± ve dÃ¼ÅŸÃ¼ndÃ¼rÃ¼cÃ¼ konuÅŸma iÃ§in Ã§ok teÅŸekkÃ¼rler."""
3,@SevvalAlan_S76,"Ben 5.SÄ±nÄ±f Ã–ÄŸrencisiyim.Hocam AttÄ± biz, Ä°mam Hatip Ortaokulu Ã¶ÄŸrencisiyiz.Bu yÃ¼zden de peygamberimizin hayatÄ± dersimiz var.O dersi Daha Ä°yi Anlamam Ä°Ã§in Ã‡ok YararlÄ± oldu.Ã‡ok teÅŸekkÃ¼rler ."
3,@naciyeakyuz294,"TV den diyanet risalet radyosu dinlerken karÅŸÄ±ma Ã§Ä±ktÄ±,iyi ki Ã§Ä±kmÄ±ÅŸ ailece hem bilgileniyoruz hemde keyifle dinliyoruz Ã§ok ama Ã§ok gÃ¼zel olmuÅŸ emeÄŸi geÃ§en herkesten Allah razÄ± olsun,  iki cihan mutluluÄŸu versin inÅŸallah  Rabbim.."
1,@suayipbaka5329,"GÃ¼cÃ¼nÃ¼z yetiyorsa, kuran ayetlerini deÄŸiÅŸtirin. Madem zorunuza gidiyor."
1,@egitiminoenemi2405,"Diyanet BaÅŸkanÄ±, biraz da HalkÄ±n, Yetimin, Ã–ksÃ¼zÃ¼n,Garibin hakkÄ±ndan bahsetsin."
1,@yesimkirdar0224,HÄ±yanet kapatÄ±lsÄ±n!
1,@ahmetsan1257,Avusturyaâ€™da imamlar ne yedi?!!
1,@sevgituran1136,KadÄ±nlar mirasÄ±nÄ± dinayetemi baÄŸÄ±ÅŸlasÄ±n hocam
1,@yoto-s3i,100 yÄ±l Ã¶ncesine mi dÃ¶ncez
1,@sayper4882,YazÄ±klar olsun diyanete yazÄ±klar olsun hepimizi dinden imandan uzaklaÅŸtÄ±rÄ±yorlar
1,@Africa6270,anayasa baba yasa bilmem diyanetin hutbesi AllahÄ±n yasasÄ±na uygundu uyarsÄ±nÄ±z uymazsÄ±nÄ±z hem diyanet mÃ¼slÃ¼manlara bu uyarÄ±yÄ± yaptÄ± ama camiyle dinle alakasÄ± olmayanlara batÄ±yor.
1,@MeralEmrem,HerÅŸey dahil sizde ALLAH 'Ä±n mÃ¼lkÃ¼ olduÄŸu halde ALLAH 'Ä±n kanunu yasasÄ±nÄ± yok saydÄ±ÄŸÄ±nÄ±za Ã¼zÃ¼lmÃ¼yorsunuz sahip olduÄŸunuz yediÄŸiniz iÃ§tiÄŸiniz kimin nimeti ondan gldiÄŸinizi ve kesinlikle ona dÃ¶neceÄŸinizi size bahÅŸ ettiÄŸi aklÄ±nÄ±zla ALLAH 'a kafa tutuÄŸunuzu dÃ¼ÅŸÃ¼nmenizi Ã¶neririm.TaÄŸutu redle baÅŸlasa iyi olurdu.
1,@ZEVAHir33,YALAN HABER ğŸ˜‚
1,@SaimeYeÅŸilyurt-j7q,Tele bir iy mesajlarÄ± siliyosuz ğŸ˜‚silin bakalÄ±m
1,@globista3432,AllahÄ±n adaletinin ne olduÄŸunu gÃ¶rdÃ¼k ve istemiyoruzâ€¦Bizim iÃ§in kutsal olan AtatÃ¼rkâ€™Ã¼n adaletidirâ€¦
1,@alitercan1172,Spiker iyi saÃ§malamÄ±ÅŸ
1,@RemziBerber-f5q,Bu diyanetin dini ne dini varmÄ±dÄ±r vallahi Yok
1,@meralakca9032,Asli Ä°ÅŸinin dÄ±ÅŸÄ±nda herÅŸeye maydonoz oluyorlar
1,@ahmetsan1257,Ã‡ocuklarhalloldu!ÅŸimdi kadÄ±nlarÄ±n elindekini almak?!bundansonraki adÄ±n Ä°stanbuldaki (avratpazarÄ±mÄ±)?!!ğŸ¤”
1,@serpilguler7576,Sanane
1,@KnowledgeNoot,Mayo giyemeyecekmiÅŸim manyadÄ± iyice bunlar yahu !
1,@kalbimgercektenegedekaldi,Ya sen Ã¶nce arapÃ§a Ã¶ÄŸren be
1,@Ğ¥ĞšĞĞ™Ğ›Ğ”Ğ Ğœ,Sorun yok. SoruÅŸturma baÅŸlatÄ±lÄ±r. SoruÅŸturma neticesinde cumhurbaÅŸkanÄ± danÄ±ÅŸmanlÄ±ÄŸÄ±na TERFÄ° eder. Durmak yok yola devamâ€¦
1,@kevseraycicek6300,20 yÄ±lda Ã¼lke ne hale geldi hiÃ§bir hakkÄ±mÄ±z helal olmasin
1,@RainMan-nu9nh,Helal rÃ¼ÅŸvettir o
1,@teginserkan,Burada dikkat edilmesi gereken bir nokta da Ahmet Beyâ€™in yeteneÄŸi. Para sayma makinesi gibi para saymasÄ±. Ne kadar profesyonel Ã¶yle deÄŸil mi? Banka memuru bu kalitede para sayamaz.
1,@fatihsultanmehmed_ii,"""tamam, beÅŸinci karÄ±yÄ± helal yapacaÄŸÄ±z"""
1,@FGuven-bs7gc,Kadir gecesi 100 rekat namaz kÄ±ldÄ±mÄ± gÃ¼nah mÃ¼nah kalmaz hamdolsun. RekatÄ± 2700 dolar
1,@Ruhi777-r8q,Gram ÅŸaÅŸÄ±rmadÄ±m
1,@9333king,AKP liler rÃ¼ÅŸvet almaz. SadakadÄ±r o. ğŸ˜‚ğŸ˜‚ğŸ˜‚
1,@cakirismail78,RÃ¼ÅŸvetin alÄ±nabileceÄŸi caiz durumlarÄ± onlar bilirler biz bilmeyiz.
1,@jackstand2285,"Ne gÃ¼zel de sayÄ±yor, Ä°mam Hatip yaptÄ±racak, neticede."
1,@Benolmadan,"Allahtan korkmuyo, kameradan korktuÄŸu kadar ğŸ˜®"
1,@MustafaKlc-mg1ch,Ä°ÅŸte bunlar gerÃ§ek MÃ¼slÃ¼man Biz gavur Ã‡Ã¼nkÃ¼ biz kimseden Ã§almadÄ±k Ã§Ä±rpmadÄ±k haram zÄ±kkÄ±m olsun
1,@karamanolcay,HiÃ§ tuhafÄ±ma gitmedi zaten stabil bunlar iÃ§in..!
1,@XewnaÅewa,Cidden buna ceza verecek namuslu biri var mÄ±dÄ±r?
1,@parolnaz,nasÄ±lda paralarÄ± gÃ¼zel sayÄ±yor ne zamandÄ±r rÃ¼ÅŸvet alÄ±yorsa pro olmuÅŸ ah ah
1,@Miray-wow,SadakadÄ±r der iÅŸin iÃ§inden sÄ±yrÄ±lÄ±r hocamÄ±z.
1,@erolyurt3723,Bu kapÃ§Ä±kla ilgili henÃ¼z bir soruÅŸturma aÃ§Ä±lmadÄ±. Ã‡Ã¼nkÃ¼ alÄ±rken besmele Ã§ekiyorlar
1,@lucyengel5811,Ä°ki gÃ¼n sonra salarlar merak etmeyin.
1,@EroÄ°st34,Ã‡Ã¼rÃ¼mÃ¼ÅŸlÃ¼k.
1,@nesrinozel8360,MaÅŸallah ne gÃ¼zel sÄ±rÄ±tÄ±yorğŸ˜‚ğŸ˜‚ğŸ˜‚ğŸ˜‚madadimin kenari
1,@Asurbanibal,Mekke'de aÃ§ yok TÃ¼rkiye'de daha fazlasÄ± var. HayÄ±r parasÄ± elden verme ilk defa gÃ¶rÃ¼yorum. KayÄ±t yok deÄŸil mi diye sormasÄ± belli ediyor ne yaptÄ±ÄŸÄ±nÄ±.
1,@Ayn18-h5r,"RÃ¼ÅŸveti al ,sonra da git tavaf yapip ,dua etğŸ˜Š"
1,@gibifikirler8651,"Ben bÃ¶yle bÄ±yÄ±k gÃ¶rÃ¼nce aklÄ±ma dolandÄ±rÄ±cÄ± mÄ±dÄ±r,hÄ±rsÄ±z mÄ±dÄ±r gibi sorular geliyor artÄ±k))"
1,@Maverick-t2x,Ä°ncinmiÅŸ ahahahaha soruÅŸturmaymÄ±ÅŸ yersen terfi alÄ±r
1,@tanselnevruz5846,Cennette yer satiyo heralde
1,@Ahmet.e695,"Akp iÃ§in rÃ¼ÅŸvet deÄŸil o, rutin hediye ğŸ˜¢ğŸ˜¢ğŸ˜¢"
1,@cesurkarakus209,Adam rÃ¼ÅŸvet aldÄ±ÄŸÄ± iÃ§in deÄŸil yakalandÄ±ÄŸÄ± iÃ§in soruÅŸturma baÅŸlamÄ±ÅŸlardÄ±r.
1,@yakupkocyigit4258,Malum partiyse serbest bÄ±rakÄ±rlar
1,@sezginsenucar9897,DERHAL GEREKEN YAPILSIN YA YETER ARTIK ÃœLKEDE ACAYÄ°P YOLSUZLUK RÃœÅVET SIKANDALI DUYMAYA BAÅLADIK
1,@Ygjhbkjnmmnnkjnnj,"Herkes adamÄ± suÃ§lamÄ±ÅŸğŸ˜‚ğŸ˜‚ ArkadaÅŸlar siz nelere gÃ¶ÄŸÃ¼s gerdiniz, bunu da unutacaksÄ±nÄ±z, bu kadar kasmayÄ±n. BalÄ±k sizden uzun hatÄ±rlÄ±yor"
1,@karadayi9334,Mekke sorumlusu bÃ¶yleyse TÃ¼rkiye sorumlusunu dÃ¼ÅŸÃ¼nemiyorum ğŸ˜‚ğŸ˜‚
1,@Cagan-88,RÃ¼ÅŸvet alan yÃ¼kseliyor ğŸ˜‚
1,@HakanDogan-b8j,Sorun olmaz buna..SayÄ±n Cumhur BaÅŸkanÄ±mÄ±z buna yeni Mevkilerde Ã¶dullendirir...Buda Zagten beni Ã¶dullendirsin diye bunu yapÄ±yor bilerek..
1,@muhamedwali2896,Cennetten arsa satmadÄ±lar ama cennet yolu sattÄ±lar
1,@selcukozay8000,Malum bÄ±yÄ±k malum tip
1,@ozanakkus5104,"Sorun bir MÃ¼slÃ¼man din gÃ¶revlisinin hemde Mekkede rÃ¼ÅŸvet almasÄ± deÄŸil, sorun rÃ¼ÅŸvet alma olayÄ±nÄ±n ifÅŸa edilmesidir. AyrÄ±ca nerede alsaydÄ± Vatikanda mÄ± rÃ¼ÅŸvet alacaktÄ±. AyÄ±p yahu...ğŸ˜‚ğŸ˜‚ğŸ˜‚"
1,@taylan8076,NasÄ±lda orgazm ola ola sayÄ±yor parayÄ± ğŸ˜…
1,@EnsarÃ¶zdmr,Ä°ÄŸrenÃ§ midem bulandÄ±.
1,@yunus8843,"Ä°ftira atacaz diye saÃ§maladÄ±nÄ±z iyice, rÃ¼ÅŸvet alan adam kayÄ±t yapÄ±ldÄ±ÄŸÄ±nÄ± bilecek ve sÄ±rÄ±tacak?"
1,@nezaket2524,Zehir zÄ±kkÄ±m olsun â€¼ï¸
1,@PlanB2006,"Olur mu AllahÄ±n adamlarÄ± bÃ¶yle ÅŸeyler yapar mÄ±.?!? HayÄ±r paralarÄ± derler... Gazze'ye gidecek fln derler Allah Allah derler,olay kapanÄ±r bu isler bÃ¶yle daa..!"
1,@nobody6659,Besmeleyle Ã§almÄ±ÅŸtÄ±r sevaptÄ±r o
1,@Paris-hu3qd,RÃ¼ÅŸvet ile hacca gideni de ilk defa gÃ¶rdÃ¼m.
1,@ramazankonak-i1h,boyle bÄ±yÄ±gÄ± olan herkes kul kanÄ±yla besleniyor
1,@sahbaz_1992,Ahirette halini merak ediyorum. Bir de Mekke sorumlusu olmuÅŸ
1,@GFB1907-q3l,"BÃ¶yleleri nasÄ±l oluyorsa geceleri bizden rahat uyuyor ğŸ˜‚ğŸ˜‚ğŸ˜‚,biz de faturalar kiralar geÃ§im sÄ±kÄ±ntÄ±sÄ± dÃ¼ÅŸÃ¼nÃ¼p duralÄ±m"
1,@user-it9yk3kj6s,HiÃ§ ÅŸaÅŸÄ±rmadÄ±m
1,@Qaxheyrani,Para sayma makinesi dayÄ±nÄ±n yanÄ±nda poh yemiÅŸ !!! O kabiliyet behh... Makine kendinden utandÄ± !!!
1,@erdaltuncer9078,Alinin hakkÄ±nÄ± vermezsen soruÅŸturma baÅŸlatÄ±rlar.
1,@muhammetalikaya6291,Hocalar gÃ¼veni bitirdi.
1,@oktan375,Bu kadar parayÄ± niÃ§in devletin BankasÄ± ile kayÄ±taltÄ±na almÄ±yor SÃ–ZDE MÄ°LLETÄ°N DÄ°YANETÄ° !!!!???ğŸ˜¡
1,@ferhatciftci101,Bir Ã¼lkenin Mekke sorumlusu rÃ¼ÅŸvet alÄ±yorsa ğŸ˜‚ğŸ˜‚ğŸ˜‚
1,@metindoner9899,Ulkede 25 yilda ne din bÄ±raktÄ±nÄ±z ne ÅŸeref herkes yolunda
1,@YaprakKocaaka,SoruÅŸturma aÃ§Ä±lsa ne olacak sonuÃ§ kocaman bir hiÃ§
1,@kaviz5764,"BugÃ¼n soruÅŸturma yarÄ±n da terfi eder. BÃ¶yle yetenekli adamÄ± kayÄ±p etmezler ğŸ˜‚ herif hem Ã§alÄ±yor, hem sayÄ±yor maÅŸallahh ğŸ˜‚"
1,@salihvural9650,Emin olun! Direk gÃ¶reve devam ! BaÅŸÄ±na bir halt gelmez
1,@kurtulas340,"Yemekten sonra hizlica egitime cikmak ,aÃ§ karna cikmaktan daha kÃ¶tÃ¼dÃ¼r.Bunu askerligini komando astek yapmis biri olarak soyluyorum.Biz sÄ±nÄ±rlari zorlardik ,arkadaÅŸlar yuzunden Ã§ok ceza yedik toplu olarak.Eskiler bilir ,Ã§ok Ã§ok acimasiz egitimler atlattik.Ama herkesin ayri dayanikliligi vardir eÅŸigi vardir. DAYANAMAYAN YERE YATARDI ,hmn ambulans alirdi onu koÅŸuda.Bu nasil bir iÅŸtir? Bu cocuklar deniz eri zaten ,yemi asker acemi yazik degil mi?"
1,@canangulbakbahce,HÄ±yanetin islama verdiÄŸi zarar keÅŸke sadece rÃ¼ÅŸvetle sÄ±nÄ±rlÄ± olsaydÄ±
1,@zultanit,Tuz kokmuyor Ã§Ã¼rÃ¼mÃ¼ÅŸ
1,@IsseyMyake,Biraz da bize sadaka ver DaayÄ±Ä±Ä±Ä± ğŸ˜ŠğŸ˜Š
1,@karahanrhoads6215,O badem bÄ±yÄ±k altÄ± pis sÄ±rÄ±tÄ±ÅŸ ve sesteki Ã§aresiz paradan kopamamanÄ±n verdiÄŸi titreme..herÅŸeyi anlatÄ±yor zaten..
1,@demetaydin4856,BunlarÄ±n AllahÄ± para!!!ğŸ˜¡ğŸ˜¡
1,@Epimenides1903,"KokuÅŸmuÅŸluk, Ã§Ã¼rÃ¼mÃ¼ÅŸluk her yerde..."
1,@MyFavoriler,Diyanet kapatÄ±lmalÄ±
1,@mustii3473,BaÅŸkanlÄ±k sistemi Ã§ok Ã‡abuk Ã§Ã¼rÃ¼mÃ¼ÅŸ.. Vay be olaylara bak..!!
1,@zambrabora1217,Diyanet kapatÄ±lmalÄ±.
1,@muhammetbolat3688,Diyanet kapatÄ±lsÄ±n
1,@NeoeK,"Ne kadar yolsuzluk, liyakatsizlik, yozlaÅŸmÄ±ÅŸlÄ±k var hepsinin altÄ±ndan bu kurumun Ã§Ä±kmasÄ± tesadÃ¼f mÃ¼?"
1,@CelikSelcuk_,Cennetteki Huri'lerini bekleyememiÅŸler
1,@bayramdonmez7315,Toplum bozulmuÅŸ maalesef. GÃ¼ven sorunu var.
1,@XEANONN,Yine utandÄ±k
1,@futurexjam2,hac paralarÄ±nÄ± bakara makara yapmÄ±ÅŸlar :DDD
1,@ertugruldemir8153,ÅaÅŸÄ±rdÄ±kmÄ±?
1,@aydansekerci5033,"AÃ§ adamlar napsÄ±nlar... gÃ¶zÃ¼ ac, gÃ¶nlÃ¼ ac, ruhu aÃ§.. ahlak kimin umurunda..!!!"
1,@28×©×œ×•×,Dincilere yakÄ±ÅŸan budur! ğŸ‘
1,@RecepFarukÃ–ztÃ¼rk,"Eskortlar,helal eskortturğŸ˜…ğŸ˜…ğŸ˜…"
1,@latifecivelekoglu4459,#SiyasalÄ°slamBelasÄ±
1,@Murriks,Iftira atana da ÅŸÃ¶yle bir 40 sena hapis cezasÄ± vereceksin ki o da akÄ±llansÄ±n.
1,@aliarpac4021,Zehir zÄ±kkÄ±m olsun inÅŸallah
1,@mavideniz6655,Dinayet OlmuÅŸ Ä°hanet....!!
1,@aytenercan1802,Ne rezillik ya
1,@KenanKoÃ§-r8g,Diyanet kaldÄ±rÄ±lsÄ±n.
1,@serdarbektas7337,Diyaneti tanÄ±mayÄ±z olur biter
1,@mustafaak4935,HÄ±yanet iÅŸleri...
1,@suleymansari9006,Ã‡uuuuuÅŸ
1,@mehmetkaratas5089,BoÅŸ yapma
1,@sinanuygun1389,Yavv. Dalga. MÄ± geÃ§iyorsunuz siz bayan. Ã‡oÄŸu. Aile. KÄ±z Ã§ocuklarÄ±na. Miras vermiyor. Cuma hutbesinde. KÄ±z Ã§ocuklarÄ±nÄ±za da . MirasÄ± Ortak verin diye. Hutbe. Verdiler. Ne var. Bunda
1,@KENO-q6v,BoÅŸ muhabbet
1,@kadiravci07,Diyanetin gerÃ§ekten kapatÄ±lmasÄ± ÅŸart.
1,@ozlemgungor6104,Sinir oluyorum her Ramazan iftar vereceÄŸiz derler arti fitre parasÄ± toplarlar kurbanda kurban parasÄ± adÄ± altÄ±nda para toplarlar dilenci gibi kapÄ± kapÄ± dolaÅŸÄ±yorlar altlarÄ±nda son modell arabalar bunlar kendi ceplerini dolduruyorlar
1,@dincerizm6779,Tiskindik
1,@ekremgunay1861,Diyanet. DeÄŸil hÄ±yanet kapatsÄ±nlar bu rezillik nedir ?
1,@metinunlu9218,Zehir zÄ±kkÄ±m olsun yuhhhh
1,@oyin258,Bu rezillikler tr dede vardir emin olun
1,@Hit-4661,DoÄŸru iste kurbanini paylaÅŸ kadinlarla yakinlaÅŸ iÅŸte....ğŸ˜‚ğŸ˜‚ğŸ˜‚
1,@NalanKaragoz-u4w,HiÃ§ ÅŸaÅŸÄ±rmadÄ±m. Yiyip azÄ±yorlar. Halk gÃ¶rsÃ¼n de baÄŸÄ±ÅŸlarÄ±nÄ± oraya yapmasÄ±n
1,@ErkanSarica,KapatÄ±lsÄ±n
1,@ipekayk3668,Bu olayÄ± yaÅŸamÄ±ÅŸ Ã§ocuklarÄ±n aileleri Ã§ocuklarÄ±nÄ± tekrar oraya yolladÄ±larsa mÃ¼mkÃ¼nse oy bile kullanmasalar bÃ¶yle haklarÄ± olmasa yazÄ±k hekese yazÄ±k.
1,@Tulay-e8v,Diyanet kapatÄ±lsÄ±n
1,@Syhnist,Cemaat ve tarikatlar kapatÄ±lsÄ±n.
1,@sibelatatunc6697,Bu yerler derhal kapatÄ±lmalÄ±dÄ±r
1,@temelyasarseymenoglu8788,VAY BE SORARSUN DÄ°YANET'E EÅCÄ°NSELLIK SUÃ‡'TUR
1,@NergizNergiz-s4b,DIYANET YARGILANSIN. NOKTA MUEBBEETTT.
1,@gulsnbzdml3825,Dinleyemedim dayanamadÄ±mğŸ˜¢ğŸ˜¢
1,@wiseman2066,Diyanet kapatÄ±lmalÄ±dÄ±r!
1,@meryemkarakoc3918,Demekki o Ã¶rtÃ¼ye layÄ±k deÄŸilmiÅŸ..Ã§ok yazik
1,@WAT6973,DÄ°YANET KAPATILSIN. ANITKABÄ°RE GÄ°TMEYEN DÄ°YANET BAÅKANI BÄ°ZÄ°M DEÄÄ°LDÄ°R.
1,@muhammetkaraalioglu-rn5mm,Ben bu diyet iÅŸleri baÅŸkanÄ± ile aynÄ± dinden deÄŸilim
1,@ahmetcnar2699,MÃ¼nafÄ±klarÄ±n aptallÄ±ÄŸÄ±nÄ± gÃ¶rÃ¼yoruz hamd olsun
1,@nuralp1881,Ooofffffff bÄ±ktÄ±m bumlardan...artÄ±k midem bulanÄ±yor..
1,@huseyinkerimi6329,Diyanet artÄ±k kes sesini ....
1,@ekremyahsi3070,haftada bir cumaya gidiyordum artÄ±k ona da gitmesem daha az dinden uzaklaÅŸacaÄŸÄ±m gibi.. .
1,@huseyina4849,Sacma sapan seyler ğŸ˜…ğŸ˜Š
1,@milliyetcimateryalist,abicim ne soÄŸutmasÄ± dinin kendisi ofsayt
1,@gulderenilin564,SoÄŸuduk valla
1,@AhmetHasanGÃ¼ler-w6t,ErbaÅŸ dua etmesi n her duasÄ±nda bizi sÃ¶mÃ¼rÃ¼yor
1,@her-telden4334,Ben cuma namazÄ±nda imam hutbeyi okurken gÃ¼lÃ¼yordum ğŸ˜‚ abdest bozulur diye sÃ¶vemedim
1,@birincikerem,Diyanet DOÄRU ÅEYÄ° ne yazÄ±k ki YANLIÅ ZAMANDA sÃ¶yledi .
1,@semratanis3767,OsmanlÄ± dahi bu kadar ÅŸaÅŸalÄ± yaÅŸamadÄ±.Bunun sonu gelecek...
1,@ardaaydn4783,Bir arkafasimin esi bu gidinceye kadar cuma namazina camiye gitmicem dedi.
1,@gencerÃ¼n,Kendilerine ve onun gÃ¼ruhuna sÃ¶ylÃ¼yorlar. Ã‡ok ÅŸÄ±marÄ±kÃ§a bir hutbe. Bu kuruma geÃ§miÅŸ tÃ¼m vergilerim haram zÄ±kkÄ±m olsun.
1,@mahirbozkaya2210,Her iÅŸe burnunu sokmasa olmaz.Sen biraz gayret etse Cennete git.
1,@MEHMETKURT-yq4lm,150 bin personel var ama bir aspirin kadar faydalarÄ± yok.
1,@ErkanÄ°nce-m4y,Ulan bÄ± ay Ã¼cret yok desinler imamlar namaz kilmazğŸ˜‚
1,@hbpdmrgns51,Kul hakkÄ± yeye yeye doymadÄ±nÄ±z doymadÄ±nÄ±z doymayacaksÄ±nÄ±z
1,@omertekindemir806,"ZIRNIK VERMEM,GÃœNAHIMI BÄ°LE VERMEM ğŸ˜¡ğŸ˜¡ğŸ˜¡ğŸ˜¡"
1,@lutfiyebozkurt1665,UyanÄ±n millet kaz gibi insanlarÄ± yoluyolar
1,@elektorelektronik,Hoca duvara toslamis gibi oldu..
1,@barisuysal9515,DoymadÄ± gozleri
1,@rasimtutaysalgr2366,"kul hakkÄ±ndan hÄ±rsÄ±zlÄ±ktan yolsuzluktan vurgundan bahset dininiz imanÄ±nÄ±z para , para dilenmek."
1,@mehmetuysal143,HanÄ±mefendi de Ã¶nce sonra sen ne konuÅŸuyorsun bir de il mÃ¼ftÃ¼sÃ¼ olmuÅŸsun TÃ¼rkÃ§e seviyen bu.
1,@kaptanw,GÃ¶zlerini toprak doyursunâ€¦
1,@filizeliuz5524,HalkÄ±n yerinde olsam camiyi terk ederdim diyanet kapatÄ±lsÄ±n.
1,@alpertungaaa243,"Diyanet kaldÄ±rÄ±lmalÄ±,isteyen dinini her yerde yasar.Bizim paramÄ±zla hiÃ§bir iÅŸ uretmeyen yuzbinlerce insana bakÄ±yoruz.Esas gÃ¼nah olan budur.Din bir vicdan iÅŸidir."
1,@muharremyavas2583,Sen bÃ¼tÃ§eden Ã¶nce adaleti savun haksÄ±zlÄ±ÄŸÄ± savun ÅŸatafatÄ±n haram olsuÄŸunu sÃ¶yle ondan sonra ne yapardan yap
1,@koyugsli_99,"Rezil olmuÅŸ, vatandaÅŸÄ± azarlayamazsÄ±n kÃ¼rsÃ¼den ayÄ±p!"
1,@esrefpasal9724,"aaahhhh, Ah GÃ¼zel yurdum Memleketim benim aaahhhh Ne hale geldik Rezillik diz boyu â‰ï¸ âš–ï¸ âš–ï¸ âš–ï¸ âš–ï¸ âš–ï¸ âš–ï¸"
1,@gulserenayaz7079,Sayin mÃ¼ftÃ¼ bey sÃ¼rÃ¼nen emekliler iÃ§inde bir vaaz verirmisiniz bu insanlarin hak ettikleri maaÅŸÄ± neden vermiyorsunuz diyebilirsiniz..
1,@Yahya-l9l,Mandafon kafayÄ± iyi bozdular..Tebrik ediyorum
1,@ErolErdogan-xu4qu,Bunlar Saray hocasÄ±
1,@Zafer1124,Bu nasÄ±l bir uslup
1,@paianys,ArkadaÅŸ ne hale geldik ya...
1,@kadirsoyhan137,"Åu andaki kurallarda rakÄ± helaldir, sebep en Ã§ok vergi aldÄ±klarÄ± bir iÃ§ecek haram olmasa gerek."
1,@KaanKaya-l2l,*GERÃ‡EK Ä°SE Ä°NÅ UNUTTURULMAZ*
2,@muratzara,Mekke sorumlusu ğŸ˜‚ğŸ˜‚
2,@gameizasyon,Maasini cekmis ğŸ˜‚
2,@EÅŸrefUÃ§ar-g6e7z,Ulan bu nasil olay
2,@bekirengec33,Yemekten sonra tatlÄ± yemiÅŸler vay vay vay ğŸ˜®ğŸ˜®
2,@yasinhocuk8604,Dedem rahmetli derki bi ay maaÅŸ verme hiÃ§ biri durmaz derdi
3,@DerinÃ‡eliker,Diyanet ahlak adalet kul hakkÄ± iftira atmamadan bahsetsin. Toplumun buna ihtiyacÄ± var. Cinsiyet ayrÄ±mcÄ±lÄ±ÄŸÄ± mÄ± kalmÄ±ÅŸ? OrtaÃ§aÄŸda yaÅŸamÄ±yoruz?
3,@zazavezaza,"Åikayet etmeyin,kuran ne diyorsa onu yapÄ±yor.bu kitabÄ± ya kabul et yada red et.kabul diyosan, kÄ±zma ozaman"
3,@HÃ¼seyinBarcin-e5y8o,ALLAH C.C. ve Efendimiz RasÃ»llahÄ±n emir ve yasaklarÄ±nÄ± aÃ§Ä±k ve net anlatmÄ±ÅŸ.Tebrikler...â¤
3,@EminSimsik,DoÄŸru sÃ¶lemiÅŸ
3,@MustafaYildirim-ku1yr,DoÄŸruya doÄŸru bravo
3,@LEYLA.5656lyl,HaklÄ±ğŸ˜…
3,@BehiceTaÅŸkÄ±ran,Nihayet konuÅŸmasÄ± gerekeni konuÅŸmuÅŸ hele ÅŸÃ¼kÃ¼r Ã§ok doÄŸru
3,@AyselAksoz-b4h,DoÄŸru sÃ¶ylemiÅŸ
3,@KaratatarKemal,"Hocam, silamun aleykÃ¼m, nasÄ±lsÄ±n? -ElhamdÃ¼lillah verdiÄŸine Ã§ok ÅŸÃ¼kÃ¼r, bugunÃ¼mÃ¼zÃ¼ aratmasÄ±n, hamdolsun ğŸ¥¸ğŸ™"
3,@Necatikosif4782,Kendisini sahsen tanirim haca gitmemde cok yardimci oldu ALLAH RAZI OLSUN 5 sene kota alamadim bin $ e haletti cok mubarek bir insandir o aldigi paralarla binlerce insani HACI yapti o mubarek insan tabiki emeginin karsiligini alacak
3,@FulyaDaglogullar,ğŸ˜‚helaaaaal
3,@MelikeAkdag-wu7xj,Ã‡ek besmeleyi gerisini dÃ¼ÅŸnme
3,@hamdiyeozseker1564,"â¤â¤â¤â¤â¤â¤AlkÄ±ÅŸlÄ±yorum, â¤â¤â¤â¤â¤â¤ Destekliyorum. TEÅEKKÃœRLER."
3,@acemilinuxcu1897,AÄŸzÄ±nÄ±za saÄŸlÄ±k.
3,@eminekuruoglu-w9l,AÄ±zÄ±nÄ±za yÄ±Ã¼reinize saalÄ±kâ¤â¤â¤â¤â¤
3,@emincildir7814,"Diyanet haklÄ± , her ÅŸeye muhalefet etmeyin"
3,@sarÄ±_metal,"GerÃ§ek gazeteciler, iyi ki varsÄ±nÄ±z."
3,@karacayÄ±lmaz-s7n,Ä°yiki varsÄ±n sizler karanlÄ±klara iÅŸÄ±k tutan aydÄ±nlarÄ±mÄ±zsÄ±nÄ±zâ¤ï¸â¤ï¸â¤ï¸â¤ï¸
3,@aysemeralkayral4642,Sizin gibi cesur gazetecilere Ã§ok ihtiyaÃ§ var
3,@havvakamber3004,TeÅŸekkÃ¼rler cesur gazeticiler
3,@SenayHoca,Bu diyanet kapatÄ±lmalÄ± ğŸ˜¢
3,@Belma-lo9yr,TeÅŸekkÃ¼rler ğŸ‘ğŸ¥°
3,@AhmetAcar-u6o,Bu dÃ¼nyada cennette yaÅŸÄ±yorlar. Bu onlara yeterde artar bile...
3,@-hanifecnr.fo9wl,"""Biraz susmayÄ± deneyelim..."" Ã‡ok gÃ¼zel anlatmÄ±ÅŸsÄ±nÄ±z HocamğŸŒ·"
3,@CemalettinCoÅŸkun-r1k,"Amiin, bilginize, yÃ¼reÄŸinize, aÄŸzÄ±nÄ±za saÄŸlÄ±k kÄ±ymetli hocamâ¤"
3,@naciyeakyuz294,"TV den diyanet risalet radyosu dinlerken karÅŸÄ±ma Ã§Ä±ktÄ±,iyi ki Ã§Ä±kmÄ±ÅŸ ailece hem bilgileniyoruz hemde keyifle dinliyoruz Ã§ok ama Ã§ok gÃ¼zel olmuÅŸ emeÄŸi geÃ§en herkesten Allah razÄ± olsun, iki cihan mutluluÄŸu versin inÅŸallah Rabbim.."
3,@kevserkoÃ§dÃ¼zcan,Her bÃ¶lÃ¼m ruha ÅŸifa imanlarimÄ±za hanelerimize bereket emeÄŸi geÃ§en herkesten Allah razÄ± olsun
3,@muzaffer568,Allah emeÄŸi geÃ§enlerden razÄ± olsun. Ä°nanÄ±lmaz. AnlatÄ±lmaz. Resmen o asrÄ± bize yaÅŸatÄ±yorsunuz.
3,@iranFilmleri,Her biri alanÄ±nda uzman ekiplerin gÃ¼zel bir kadroyla bÃ¼yÃ¼k titizlikle hazÄ±rladÄ±klarÄ± bu yÄ±llar sÃ¼ren gÃ¼zide Ã§alÄ±ÅŸmanÄ±n ASR'a yakÄ±ÅŸÄ±r olmasÄ± Ã§ok sevindirici.Allah hepsinden razÄ± olsun . Evde aÃ§Ä±p ailecek dinlenme faaliyeti gÃ¶sterilsin inÅŸaALLAH
3,@zeysanirmak4740,Mustafa abi nin Bekir develi ile sohbetinden geliyorum ve tek kelime ile hazine buldummmmm allahÄ±m emeÄŸi geÃ§en herkesten rabbim razÄ± olsun inÅŸallah...ğŸŒ¹
3,@dandinidandan,"Radyoda denk geldi, en baÅŸtan dinlemeye geldim. Harika olmuÅŸ."
3,@Ya_sin,11:25 de gÃ¼lÃ¼mseyerek gÃ¶zlerim doldu. â€œAminenin bir oÄŸlu oldu...â€
3,@Mery.C,LÃ¼tfen daha fazlasÄ±nÄ± yapÄ±n. Ã‡ok Ã§ok gÃ¼zel. Tekrar tekrar dinliyorum. hiÃ§ bitmesin istiyorum. EmeÄŸinize saÄŸlÄ±k.
3,@sevimgun5490,MaÅŸallah barekallah bu kadar samimi okuyan bir kardeÅŸ .Allah nazarlardan saklasin .muhteÅŸem okumuÅŸ tekrar tekrar aÃ§Ä±p dinliyorum yÃ¼reÄŸine saÄŸlÄ±k....cok gÃ¼zel yorumlamÄ±ÅŸ..
3,@ilkbahar9_9_9,"Ä°yi ki bu gÃ¼zelliÄŸe vesile oldunuz, iyi ki sizin vesilenizle dinliyoruz gÃ¼zel Peygamberimiz(S.A.V)'in hayatÄ±nÄ±. TÃ¼m bÃ¶lÃ¼mleri izleyeceÄŸim Ä°nÅŸAllah. Yorum, beÄŸeni ve Ã§evremize de tavsiye ederek daha Ã§ok insana ulaÅŸmak nasip olsun"
3,@ademacikgoz1547,EmeÄŸi geÃ§en herkese teÅŸekkÃ¼rler gÃ¼zel bir iÅŸ ortaya Ã§Ä±kmÄ±ÅŸ. ALLAH RAZI OLSUN
3,@Kurannesoyler,MÃ¼kemmel hissettiriyor sanki ordayÄ±m gibi mukkemel bir lezzet ve ayrÄ±ca bir Ä°slam tarihi ve siyer bilgisi elde ediyoruz
3,@zarifeyazc216,Allah razÄ± olsun gerÃ§ekten etkileyici ben Ã§ok etkilendim dinleyenleri de etkileneceÄŸini dÃ¼ÅŸÃ¼nÃ¼yorum aradaki bÃ¶lÃ¼mlerinde izlemek istiyorum sizinde izlemenizi isterim izlemek isteyenler beÄŸensin
3,@ahigenc,"Åimdi 20 yaÅŸÄ±ndayÄ±m. GenÃ§liÄŸimin baharÄ±nda senin hayatÄ±nÄ± tekrar tekrar okumanÄ±n, dinlemenin lezzetini, izzetini yaÅŸÄ±yorum RasulÃ¼m (sallallÃ¢hu aleyhi vesellem).Rabbim beni sana layÄ±k eylesin ğŸ¤²ğŸ»"
3,@Merve_YD,YaklaÅŸÄ±k 1 ay Ã¶nce arabada tesadÃ¼fen denk geldi. O gÃ¼n iÅŸim bittiÄŸinde arabadan inemedim durdum ve iÃ§eride devamÄ±nÄ± dinledim. Sonra evde hangi program olduÄŸunu araÅŸtÄ±rÄ±p bulmuÅŸtum. Ã‡ok iyi gerÃ§ekten Ã§ok beÄŸendim. Dinlerken insana huzur veriyor. Ben dinlerken 4 buÃ§uk yaÅŸÄ±ndaki oÄŸlum da duyuyor. Onun da aklÄ±nda kalan ÅŸeyler oluyor. EmeÄŸi geÃ§en herkese teÅŸekkÃ¼r ederiz.
3,@kelebek7003,Rabbim binlerce kez razÄ± olsun sizlerden ve emeÄŸi geÃ§en herkesten ne kadar bildiÄŸimizi sansakta hiÃ§ duymamÄ±ÅŸÄ±m kadar gÃ¼zel geliyor Rabbim ÅŸefaatine nail eylesin cÃ¼mlemizi evlatlarÄ±mÄ±zada yolunda gitmelerini nasibi mÃ¼yesser eylesin Ã¢min ğŸ¤²ğŸ˜”
3,@esrab2363,Kitaptan okudugumuzda bu kadar aklimizda kalmiyor ama buradan dinleyince oyle guzel oluyor ki... yapanlardan allah razi Olsun ğŸŒ¸
3,@zeynepyalcin5865,Allah razÄ± olsun emeÄŸinize saÄŸlÄ±k sanki anlatÄ±lan her ÅŸey gÃ¶zÃ¼mÃ¼n Ã¶nÃ¼nden geÃ§iyor Rabbim bizleri de affetsin cennete peygamberimizle komÅŸu olmayÄ± nasip etsin
3,@cigdemtutuk2658,Cok guzel sanki icinde gibi oluyrum ve peygamber efendimizin durumlarinda agliyorum elimde olmadan ğŸ¤²ğŸŒ¹
3,@hilalsahin4091,Ã‡ok gÃ¼zel olmuÅŸ ellerine saÄŸlÄ±k ğŸ’šğŸ’›ğŸ’š
3,@semrayldrm4625,Allah razÄ± olsun nasÄ±l gÃ¼zel sesler mÃ¼zikler harika
3,@ilkbahar9_9_9,"Allah razÄ± olsun bizleri Asr-Ä± Saadet'i dinlememize vesile olanlardan. Sena Julia YamanoÄŸlu bacÄ±mÄ±n vesilesi ile haberim oldu ve hepsini dinleyeceÄŸim tÃ¼m bÃ¶lÃ¼mlerini Ä°nÅŸAllah. Ä°yi ki varsÄ±nÄ±z, iyi ki bÃ¶yle bir hayrÄ± bizlere ulaÅŸtÄ±rdÄ±nÄ±z ve ÅŸimdi de dinliyoruz ElhamdÃ¼lillah..."
3,@KaanÃ–zkan-m5n,Allah. RazÄ± olsun bu tiyatro yapanlar
3,@MusaYentÃ¼r-q2q,Bu Ã¼Ã§Ã¼ncÃ¼ dinleyiÅŸim ve her dinlemem de yeni dinler gibi bir sonraki bÃ¶lÃ¼mÃ¼ heyecanla bekliyorum dinlerken kendimi sanki o zamanda gibi hissediyorum yazan seslendiren herkesten allah razÄ± olsun
3,@bubenliktengeciphakkagidelim,Allah razi olsun harika olmuÅŸ Hulafai rasidinin hayatlarini da istiyoruz
3,@Meltemblc33,Ã‡ok gÃ¼zel allah razÄ± olsun ğŸ‘ğŸ€
3,@aserker4232,EmeÄŸi geÃ§enlerden Allah razÄ± olsun
3,@YusufEminTumer-og1ve,Allah razÄ± olsun Ã§ok gÃ¼zel olmuÅŸ
3,@rukiyeene4920,Allah razÄ± olsun emegi geÃ§enlerden
3,@ebrarergul4439,Allah razÄ± olsun ğŸ’™
3,@sultankarakas6928,Ã‡ok gÃ¼zel teÅŸekkÃ¼r ediyorum emeÄŸinize saÄŸlÄ±k Allah razÄ± olsun sizden
3,@zehrayener6792,Allah emeÄŸi geÃ§en herkese Allah razÄ± olsun Ã§ok gÃ¼zel keÅŸke herkesin Ã¶nÃ¼ne Ã§Ä±ksa bu videolar bazÄ± kiÅŸiler anlamÄ±yorâ¤â¤
3,@ezgiarslan2166,EmeÄŸinize saÄŸlÄ±k Allah razÄ± olsun
3,@z.betulyuce1900,AllahÃ¼mme Salli ala seyyidina Muhammedin ve ala ali seyyidina Muhammed ğŸŒ¹
3,@esmayldrm252,Ã‡ok gÃ¼zel bir proÄŸram. EmeÄŸinize saÄŸlÄ±k
3,@fatmakuyumcu3324,Ã‡ok gÃ¼zel asri sadet radyo tiyatrosunun bÃ¶lÃ¼mleri Ã§oÃ§uklara sesiz olsunlar diye telefon veriyorsunuzya telefonda bu bÃ¶lÃ¼mleri aÃ§Ä±n Ã§oÃ§uklara ilk baÅŸta kÃ¼Ã§Ã¼k ÅŸeyler vererek lolipop kÃ¼Ã§Ã¼k Ã§ikolata ÄŸibi ÅŸeyler bu bÃ¶lÃ¼mleri izletinki Ã§oÃ§uklar peygamber efendimizin hayatÄ±nÄ± Ã¶ÄŸrensinler
3,@aysengakava8296,HayatÄ±ma anlam getirdi dinlemek
3,@suleymanerdogan7673,MaÅŸallah Ã§ok gÃ¼zel hazÄ±rlanmÄ±ÅŸ. Kendimi Asri saadet zamanindaymis gibi hissediyorum
3,@rabiasarraf,EmeÄŸi geÃ§enlerden Allah razÄ± olsun harika bir iÅŸ Ã§Ä±karmÄ±ÅŸsÄ±nÄ±z
3,@waxblockchain2762,AllahÄ±m iliminizi biliminizi arttÄ±rsÄ±n allahÄ±m herkese dinlemefÄ±rsatÄ± versin inÅŸallah
3,@hayrunisa9711,Gercekten allah razÄ± olsuno kadar akiciki dinledikce merakla bi daki bolumu merakla bekliyorum
3,@mervemahviyete,"Melek HocamÄ±z, her zaman arkamÄ±zda duran ablamÄ±z.. ElhamdÃ¼lillah seninle aynÄ± kurumun parÃ§asÄ±yÄ±z.. TÃ¼m emeklerin ve desteÄŸin iÃ§in Ã§ok teÅŸekkÃ¼r ederiz.. ğŸª»"
3,@rukdiaries,Melek Hocam ne gÃ¼zel anlatmÄ±ÅŸ. Rabbim emeÄŸi geÃ§enlerden razÄ± olsun. Ä°yi ki aynÄ± gemideyiz. Diyanet Personeli olmaktan gurur duyuyorum ğŸ¥°
3,@aysekaraca7153,Sizinle tanÄ±dÄ±k . Sizi tanÄ±yÄ±nca dahada deÄŸerli olduÄŸunu anladÄ±k. Sizler sayesinde nice KÄ±ymetli hocalarÄ±mÄ±zÄ± tanÄ±dÄ±k. Diyanet akademide aldÄ±klarÄ± eÄŸitimle geleceÄŸe Ä±ÅŸÄ±k tutan nice Kuran hÃ¢dimeleri tanÄ±dÄ±k. Rabbim tÃ¢lib olan herkese nasÃ®b etsin. EmeÄŸi geÃ§en herkesten Rabbim rÃ¢zÄ± olsun
3,@MkMk-iq7hb,Melek hocam gerÃ§ekten bu iÅŸin duayenlerinden. EmeÄŸine saÄŸlÄ±k deÄŸerli hocam
1,@dilberyldrm4395,Ben din'den soÄŸudum sayelerinde din diye birÅŸey yok
1,@user-hf1wn7xl3k,Bunlar mutlaka yargÄ±lanmalÄ±. Ä°nsanlarÄ±n dini duygularÄ±nÄ± istismar edip yemedikleri halt kalmazsa bu mÃ¼slÃ¼manlÄ±k mÄ±dÄ±r?  Soruyorum bu mu?
3,@gargaziken,"doÄŸru olani yapmÄ±ÅŸlar,ganimet ve cariye elde etmiÅŸler Ã¶zlem hn.kuran'da yeri var ..."
3,@ekimskcoskun,"Ã–zlem hanÄ±m 50 kere izledim sanÄ±rÄ±m, tepkilerinize, ses tonunuza, yÃ¼z ifadenize ve tabii ki yorumlarÄ±nÄ±za bayÄ±lÄ±yorum."
1,@meydanduman4886,Ä°nanmak istemiyorum eÄŸer doÄŸruysa rezalet felaket hakkÄ±mÄ± helal etmiyorum.
3,@orhanozdemir8252,"Ãœlkede neler oluyor ,siz olmasanÄ±z haberimiz bile olmayacak,iyikii varsÄ±nÄ±z ,minnettarÄ±z sevgi ve saygÄ±larÄ±mla"
3,@AyferSelet,Ä°yi ki varsÄ±nÄ±z sizin gibi cesur yÃ¼reklere ihtiyacÄ±mÄ±z var...
1,@nesidebalci7907,Aileler aydinlanmadikca bu olaylar devam eder ne yazÄ±k ki.... Ã‡ocuklar Ã¶nce kurban edilir sonra da aynÄ± ÅŸeyi bÃ¼yÃ¼yÃ¼nce diÄŸer Ã§ocuklara yapar.
1,@albayrakiletisim2491,ÅÄ°MDÄ°KÄ° DERGAHLAR DERGAH DEÄÄ°L SAPKINLIK VE PÄ°SLÄ°K YUVALARI KAPATILMALI.
1,@iremiste.7,ah inanmak istemiyorum Allah kahretsin onlarÄ± bunlar insan deÄŸil bukadar da fazla midem bulandÄ±
1,@nbrknk9018,AllahÄ±m yardÄ±m et Ã§ocuklarÄ±mÄ±zÄ± tÃ¼m sapÄ±klar dan koru bizler baÅŸaramÄ±yoruz.ğŸ˜¢
3,@ElifnazHonor,TeÅŸekkÃ¼rler.GÃ¼zel bilgiler paylaÅŸtÄ±ÄŸÄ±nÄ±z iÃ§in teÅŸekkÃ¼r ederiz.
2,@ismetkapusuz1134,Okullarda rehber Ã¶ÄŸretmenler istismar olayÄ±nÄ± sezdiÄŸi an doÄŸrudan savcÄ±lÄ±ÄŸa bildirme zorunluluÄŸu var. Bu ihbarÄ± yapan mutlaka rehber Ã¶ÄŸretmendir.
1,@mehmettoplu4795,"Yuh artik, pislik her yeri sarmis."
1,@ibrahimozcelik5833,Dinden imandan sogudukyaa
3,@erkankoray7363,Dik duruÅŸunuz dik duruÅŸumuzdur. Ä°yi ki varsÄ±nÄ±z.
1,@belginyoruk5630,Kendi kizi Diyanetin verdiÄŸi bÃ¼tÃ¼n olanaklari kullaniyor sÃ¼per lÃ¼ks arabalarla geziyor hep yurt diÅŸinda geziyor Diyanet baÅŸkaninin karisina ailesinden miras kalirsa almasin alirsa duyarsak geri alirÄ±z ğŸ˜‚
2,@XTR1503,Mahrum birakmak diye bir sey demiyor
2,@tevhidedogru7979,ALLAH c.c ayetleri aÃ§Ä±ktÄ±r.
2,@serifekaratoy4627,Cuma hutbesi MÃ¼slÃ¼manlar iÃ§indir
1,@EmrahOzer-p1g,BÃ¼tÃ¼n milletin hakkÄ±nÄ± yiyerek haramla yoÄŸrulmak kul hakkÄ± deÄŸildir dimi benim bi HakkÄ±m varsa haram zÄ±kkÄ±m olsun
2,@MelihTarhan-l8x,"Kur'an-Ä± Kerim'de, Maide SÃ¼resi'nde kadÄ±n hakkÄ±nÄ± zaten Allah belirtmiÅŸ. Ama Diyanetin belirttiÄŸi gibi deÄŸil."
3,@abdullahtezcan3683,Helal olsun diyanete hutbe ÅŸahane. DoÄŸrularÄ± anlatmÄ±ÅŸ
1,@Metin-r6n,Cehennemin dibine kadar yolun var.
2,@kadriyetasral516,BURASI Ã‡OK Ã–NEMLÄ°. Adli makamlar yasayÄ± mi uygular? Cuma hutbesini mi? YasayÄ± uygulayan adliye mensubunun tÃ¼ketici mahkemesine tayini Ã§Ä±kar mÄ±?
1,@Ayliny06,SayÄ±n Diyanet Ä°ÅŸleri BaÅŸkanÄ± Ben de senin kÄ±yafetlerini uygunsuz buluyorum ne yapacaÄŸÄ±z ÅŸimdi?????
1,@RecepEminc,Dinayetin baÅŸÄ±ndaki zat ve ailesi dÃ¼nyayÄ± dolaÅŸÄ±yor bu ne aymazlÄ±k utanmazlÄ±k
1,@diclecapkn5693,Ä°slam yeryÃ¼zÃ¼ne indiÄŸinde 5 yÄ±ldÄ±z oteller ve her ÅŸey dahil tatil kÃ¶yleri vardÄ±. Diyanet Ã§ok haklÄ± !!!
1,@SoneroÄŸlu,Devletin parasÄ±yla DÃ¼nyayÄ± dolaÅŸÄ±p bize israf mÄ± dedi?
3,@ranfanmen9713,"Diyanet doÄŸru sÃ¶ylÃ¼yor. Kim olursa olsun, sÃ¶yleyenler dahil uyarsÄ±nÄ±z ya da uymazsÄ±nÄ±z. Tercih sizin. SÃ¶z doÄŸru. Ä°nsanlar maalesef artÄ±k ipini iyice kopardÄ±."
3,@suayipbaka5329,Diyanetin hutbeleri Ã§ok gÃ¼zel ve doÄŸru.
1,@zeynelÃ§Ä±nar-m1h,Dinayet yine uÃ§muÅŸ Allah Ä±slah etsin
1,@onurhanalpagut1733,Ben bu diyanet iÅŸlerinin olmamasÄ±ndan yanayÄ±m devletin dini olmaz. Olursa da bÃ¶yle olur.
1,@behzattelci4380,Bu diyanet baÅŸkanÄ±nÄ±n bu Ã¼lkede yeri yoktur
1,@figenkaya1161,LÃ¼ks israf deyince beni bi gÃ¼lme aliyor
2,@ardaaydn4783,KomÅŸusu aÃ§ken tok yatan bizden deÄŸildir...
2,@mhdemirbas,Diplomalar hakkÄ±nda sayÄ±n hocamÄ±z neden vaaz vermiyor
3,@ahmetturkmenoglu2012,Helal olsun tepki gÃ¶sterenlere. Umudum arttÄ±. Allah sayÄ±larÄ±nÄ± artÄ±rsÄ±n.
1,@mehmetsarcizmeli4537,SÃ¶zde din adamÄ± konuÅŸma ÅŸekli sokak serserisi gibi
3,@ibrhm080,Tepki gÃ¶steren kiÅŸiyi kutlarÄ±m aÄŸzÄ±na saÄŸlÄ±k
3,@MuratKaplan-m5l,"Gitmiyorum,huzurlu ve mutluyum iÃ§im okadar rahatki hastalÄ±klarÄ±mlarÄ±mdan bile kurtuldum."
1,@ebrupetekkaya5620,Dalga mÄ± geÃ§iyorsunÄ±z iki Ã¼Ã§ tane gÃ¶stermelik kÃ¼Ã§Ã¼k rÃ¼ÅŸvetler soruÅŸturmalara konu oluyor ya o bÃ¼yÃ¼k ihaleler cebimizden Ã§Ä±kan vergiler. FakirleÅŸiyoruz ama vergilerimiz bÃ¼yÃ¼yor. Ãœstelik vergimixin karÅŸÄ±lÄ±ÄŸÄ± ne iyi eÄŸitim iyi saglÄ±k hizmeti vb vb. BunlarÄ± alÄ±yor muyuz? HayÄ±r ona da para Ã¶dÃ¼yoruz ve gene hizmet alamÄ±yoruz.
3,@FerilouDDJr.,Ã‡ok sakin Ã§ok profesyonel
1,@kanalbiz2818,Ã‡ok ÅŸaÅŸÄ±rdÄ±k sanki artÄ±k aÅŸikar oluyor her ÅŸey rÃ¼ÅŸvet olmuÅŸ hediye
1,@SenecaFelsefesi,Bir kere para makinesi gibi para sayÄ±yor sanki banka memuru
3,@yasinulkusever6814,Allah ÅŸeriatÄ± layÄ±kÄ±yla Ã¶ÄŸrenmeyi nasip eylesin
1,@mrlink2421,Muhtemelen gazze iÃ§in toplanan paralarda aynÄ± ÅŸekilde harcandÄ±.
1,@Rony-azad,iddiaya gÃ¶re;yolsuzluklar viyana kapÄ±larÄ±na kadar dayanmÄ±ÅŸğŸ˜‚
1,@eflazzbey5152,Vergilerimiz ile imamlar eskorta gitsin sende uyu gÃ¼zel halkÄ±m
1,@zek_de_ed6389,Bu yÃ¼zden devlet kurumlarÄ± yardÄ±m kampanyasÄ±na asla destek vermemek gerek. Ã–zellikle adalet saÄŸlanana kadar
1,@zeynepyagci8732,Ne bekliyordunuz ? Soruyorum ne bekliyordunuz ? Bundan Ã§ok daha fazlasÄ±nÄ±n olduÄŸunu hepimiz biliyoruz !
3,@mirmehmetozkan8949,"KurbanÄ±nÄ± kendin yap, muhtaÃ§ insanlarÄ± tespit et ve onlara yardÄ±m et. Maddi durumu kÃ¶tÃ¼ olan Ã¶ÄŸrenciye yardÄ±m et. Ã–ksÃ¼z yetim Ã§ocuklar varsa yardÄ±m et."
1,@kalearkasiseyircisikalecis796,"Diyanet kapatÄ±lsÄ±n, yerine hayvan barÄ±naklarÄ± aÃ§Ä±lsÄ±n..."
1,@Ates0y,AyrÄ±lan bÃ¼tceyi duyunca ne yapÄ±yorlar bu kadar parayÄ± pavyon mu kapatÄ±yorlar  karÄ± kÄ±z alkÃ¶l ayaklarÄ± mÄ± var falan diye yorum yapmÄ±ÅŸtÄ±m ğŸ˜‚  demekki varmÄ±ÅŸ
1,@circir79,Ä°mana gelen eskortlar baÅŸlÄ±klÄ± haberimize geÃ§iyoruz......
1,@furkanbayraktar38,Diyanet ÅŸaÅŸÄ±rtmÄ±yor abi...
3,@FikretingÃ¶zaltÄ±torbasÄ±,Bu yÃ¼zden hiÃ§bir ÅŸekilde bi kuruma yardÄ±m falan yapmÄ±yorum. Asla da yapmam. OrayÄ± yÃ¶netenler de insan ve kokuÅŸmuÅŸ insan her yerde. Gidip bizzat kendim yapÄ±yorum. Ä°Ã§im Ã¶yle Ã§ok rahat ediyo gerÃ§ek anlamda yardÄ±m ettiÄŸimi hissedip huzur doluyorum. UmarÄ±m ileride daha Ã§ok yardÄ±ma muhtaÃ§ kiÅŸilere elim uzanÄ±rğŸ¤²ğŸ»ğŸ¤²ğŸ»ğŸ¤²ğŸ»
1,@zenman46,"Bunlar sadece memleketi deÄŸil, dÃ¼nyayi da talan ederler..."
1,@ahmetsoruklu5815,"Bedava para, niye harcamasÄ±n! Bence parayÄ± harcayanlar deÄŸil, verenler sorumlu tutulmalÄ±!"
1,@gamlbaykus7860,KÃ¼mese tilkiyi mÃ¼dÃ¼r yaparsan gÃ¼n gelir seni de yer.
1,@HÃ¼seyinArslan-w6j,Ben ÅŸahsÄ±m olarak hiÃ§ sasirmadim neden acaba  daha neler gorecez bakalÄ±m
1,@warenhaus2342,Zerre kadar Sasirmadim
1,@mahmutpottery,Asla kimse bunlara kurban yardim parasi vermesin lutfen
1,@LacinAgazad,!Bu YÃ¼zden Kimseye GÃ¼venmiyorum!
1,@luna.sterlingg,AllahÄ±m sana yalvarÄ±yorum artÄ±k gitsin bunlar baÅŸÄ±mÄ±zdan lÃ¼tfen allahÄ±m lÃ¼tfen. Åu halk akÄ±llanmÄ±yor
1,@baris0705,"ArtÄ±k ÅŸaÅŸÄ±rmÄ±yoruz, TÃ¼rk halkÄ±nÄ±n bu kadar tepkisiz olduÄŸuna ÅŸaÅŸÄ±rÄ±yorum"
2,@budageceryaaahuuu199,YurtdÄ±ÅŸÄ± diyanet hepten incelensin
1,@masummikrop3603,Kurus verirmiyim ben artik kurumlara..
1,@Erkan-e5o,Siyasetin doÄŸru olmadÄ±ÄŸÄ± bir Ã¼lkede adaletin olma ihtimali yok bir tane istifa duyamÄ±yorum bir tane soruÅŸturma duyamÄ±yorum duyduklarÄ±mÄ±zÄ±n hepsi alÄ±nsa bile iki ay sonra dÄ±ÅŸarÄ±da Allah yar ve yardÄ±mcÄ±mÄ±z olsun
2,@hilalikiz5825,DÃ¼n  yine  cami  Ã¶nÃ¼nde  ÅŸeffaf  renkli  yardÄ±m  sandÄ±klarÄ±  yardÄ±m  topluyordu  . SandÄ±k  yarÄ±ya  kadar  dolmuÅŸ .
1,@ebubekiryavuz,"o yÃ¼zden ben bir iyilik yapacaksam kendim yaparÄ±m. paramÄ± birilerine verip benim adÄ±ma iyilik yapÄ±n demem, paralarÄ±n nerelerde harcandÄ±ÄŸÄ± gÃ¼n gibi ortada. siz siz olun kurum ve kuruluÅŸlara para vermeyin, alayÄ± bÃ¶yle. bunlar  gÃ¼n yÃ¼zÃ¼ne Ã§Ä±kanlar."
1,@dursunylmaz8179,"YUH OLSUN,BUNLAR ASILMALI."
1,@muhammedarslan7455,Para vermiyoruz artÄ±k kimseye  niye istiyorsun cami yapiyoruz ne lazÄ±m Ã§imento kum tuÄŸla kiremit  onu gÃ¶nderelim.Kimseye para yok
1,@demiryasavul667,dehÅŸet iddia
1,@aknyeltekin5011,ArkadaÅŸlar tek kurtuluÅŸ islamÄ± terk etmektir !
1,@Esse-06,BunlarÄ±n yargÄ±lanmasÄ± lazÄ±m kesin ve net
1,@bilgebaykus1141,HiÃ§ ÅŸaÅŸÄ±rmadÄ±m nedense... Asla baÄŸÄ±ÅŸ yardÄ±m vs yapmÄ±yorum. Ã‡Ã¼nkÃ¼ nereye gideceÄŸini gÃ¶zÃ¼mle gÃ¶rmediÄŸim bir parayÄ± kimseye vermem.
1,@aliosmangokdemir986,Faiz haram diyip te her yÄ±l faizden en fazla parayÄ± yiyen kurum
1,@FerilouDDJr.,Dinde diyanette bunlar oluyorsa en tepede neler oluyodur Allah bilir
1,@mustafasehmuserdogan2971,GerÃ§ek ise bu iddia yazÄ±k Ã§ok acÄ± ben bu yaÅŸa geldim bÃ¶yle iÄŸrenÃ§ durumlar duyunca artÄ±k tanÄ±dÄ±k insanlar vericez zekat fitre vs
1,@cananbaydar527,"Diyanet kapatÄ±lsÄ±n,"
1,@m.sukrue.06,"Utanma duygusu kaybedilince,herÅŸeyi mÃ¼bah gÃ¶rme alÄ±ÅŸkanlÄ±ÄŸÄ± her alanda Ã§Ã¼rÃ¼me yarattÄ±."
1,@ercanyilmaz8108,Gazze'ye gitmeyen yardÄ±mÄ±n nerelerde takÄ±ldÄ±ÄŸÄ± yavaÅŸ yavaÅŸ ortaya Ã§Ä±kÄ±yor ğŸ˜¡
1,@salihtokcicek870,RÃ¼ÅŸvet aldÄ±ysa Allah belasÄ±nÄ± versin. Almadiysa iftira edenlerin Allah belasÄ±nÄ± versin.
1,@HacoSezo,"Ã–deme vezneye olur, makama Ã¶deme yapÄ±lmaz."
1,@alitosuntr,Kesin terfi alÄ±r.
1,@Celillll,Allah kaydediyor ondan korkmadin da...
2,@emreakgÃ¼l-e2c,270 bin dolarÄ± eliyle mi sayÄ±yor?
3,@uguraksu6726,"AdamÄ±n aÃ§Ä±klamasÄ± var , o para faturalÄ± baÄŸÄ±ÅŸ parÃ§asÄ±ydÄ± ve bunu kayÄ±t yapan kiÅŸide biliyordu. Zimmete geÃ§irilen birÅŸey yok dedi. En iyisini Allah bilir."
1,@musaceren8945,Ä°ftara. Tam bir tezgah.
1,@benanyasar2868,Kime gÃ¼veneceÄŸiz biz bu bÃ¶yle yaparsa baÅŸkalarÄ± ne yapmaz
1,@Kergit_kargÄ±cÄ±sÄ±,"Videoyu Ã§eken arkadaÅŸ itiraf etti, iftira atmÄ±ÅŸ. BaÄŸÄ±ÅŸ diye gidiyor, yaptÄ±ÄŸÄ±na bak. BÃ¼yÃ¼k ayÄ±p."
3,@cwferhat,Vatana millete hayÄ±rlÄ± olsun. Kendini Ã§ok gÃ¼zel ifade etmiÅŸ.
1,@SonkeferebÃ¼kÃ¼cÃ¼,Eger rÃ¼ÅŸvet aldiysa Allah ona lanet etsin. Ama eger baÄŸÄ±ÅŸ ise iftira ise bunu paylaÅŸana yayana iftira atana Allah lanet etsin.
3,@okanozturk8115,HelÃ¢l olsun. SakÄ±n vazgeÃ§meyin yasal hak  ve Ã¶zgÃ¼rlÃ¼klerinizden.
1,@MrDetmold,Bizi kurtarÄ±n bunlardan. BÄ±ktÄ±k vallahi.
1,@osman4347,IÅŸler kÃ¶tÃ¼ye gittiÄŸinde birileri ortaya atlayÄ±p gÃ¼ndem degistirmek iÃ§in takla atÄ±yor.kafa bulandiriyor.yemin ederim camiye gitmekten soÄŸudum artÄ±k.
1,@JakobWatzmann,SÃ¶ylenecek Ã§ok ÅŸey var ama bu dakikadan sonra sÃ¶zler de para etmiyor! ZamanÄ±nda mÃ¼dahale etmediniz ÅŸimdi konuÅŸmaya hakkÄ±nÄ±z yok kardeÅŸ!â€¦..
1,@Yolcu25.,"Sizde anlama problemi var, doktora gÃ¶rÃ¼nÃ¼n.O hutbede Ã¶yle bir ÅŸey yok"
1,@bekirlsik5405,Allah'Ä±n ayetini sorgulayan lar iÃ§in yaÅŸasÄ±n cehennem
2,@KubilayDemirbas,kim bu eleman
1,@YeÅŸimBayram-u1k,"Åu yurt dÄ±ÅŸÄ±na yapÄ±lan masraflar yÃ¼zlerce kez gidilen Ã¼mreler , gÃ¶rev asÄ± altÄ±nda, gidemeyenleri yollasalar anlÄ±ycamda, hakkÄ±m varsa helal deÄŸil"
1,@Niceninbeyniii,Cami'de metresiyle beraber olan dayÄ±dan sonra benim ÅŸaÅŸÄ±rma mimikleri Ã§alÄ±ÅŸmÄ±yor..
1,@CihanserGunay-ho7nw,Beni ve tanÄ±dÄ±ÄŸÄ±m  bir Ã§ok insanÄ±  dinden imandan Ã§Ä±karÄ±yor lar yazÄ±klar olsun
3,@SKLeNainbs-bs,SaÄŸolun
3,@BuÄŸlemYÄ±lmaz-c5g,Ã‡ooooooooooook teÅŸekkÃ¼rler hocamâ™¥ï¸â™¥ï¸â™¥ï¸â™¥ï¸â™¥ï¸â™¥ï¸â™¥ï¸â™¥ï¸â™¥ï¸â™¥ï¸â™¥ï¸
3,@EvrenGencer-qz6mk,Ã‡ok teÅŸekkÃ¼r ederizğŸ‰ğŸ‰ğŸ‰
3,@FokusMaster-e2q,Ã‡ok gÃ¼zel
3,@LatifeHatip,HarikasÄ±n
3,@SaadetPulat,Ã‡ok gÃ¼zel okudunuzğŸ˜ŠğŸ˜Š
3,@DÃ¶neOrud,Abi Ã‡ok teÅŸekkÃ¼rler 8 gÃ¼nde 6 konuya geldim
3,@MuhittinKarabork,AzÄ±na saÄŸlÄ±k Ã§ok gÃ¼zel okudunuz â¤â¤
3,@HasanÃ–rde,SaÄŸolun hocam
3,@Ahmet10-p32,Ã§ok iyi
3,@erolkepcetutar7258,Allah razÄ± olsun hocam
3,@AyseUcar-u9f,Hocam Allah sizden razÄ± olsun Allah sizi baÅŸÄ±mÄ±zdan eksik etmesin â¤
3,@jennieblancnpik,Sizin sayenizde kurana geÃ§tim
3,@salihabayram1792,Hocam sizin sayenizde kur an geÃ§tim Allah razÄ± olsun.â¤
3,@Muhammedmurat-e9d,Hocam sayenizde okuma sayfasÄ±na geldim
3,@ladycherry-4,Sizin sayenizde bugÃ¼n kuran'a geÃ§icem Allah sizde razÄ± olsun
3,@user-uh4sh1we2y,Hocam Allah sizden razÄ± olsun sizin sayenizde kuran kerime geÃ§timâ¤
3,@tocalifeworldtuna8829,Hocam 3 yÄ±l da. Sonra Kur'an'a geÃ§iÃ§icem Allah nasipse Ã§ok saÄŸolun hocaaam
3,@Ã–zkanÃ–zgÃ¼l-k7o,Hocam Ã§okteÅŸekkÃ¼r ederim ElifbanÄ±z Ã§ok iyi bugÃ¼nkÃ¼nden geÃ§tim
2,@saniyeakbay7820,SelamÃ¼naleykÃ¼m
3,@LeylaEryurek-k2c,ben iki kere. hatim yaptÄ±m hocam sizin sayenizde
3,@MuhtarAhmedi,Sizin sayenizde Kur'an geÃ§ecem Ä°nÅŸallah
3,@mustafaicik8533,Sesinize saÄŸlÄ±k hocam
3,@Ali_HÃ¼seyin_Vf,Hocam hafÄ±zlÄ±ÄŸa gidiyorum ve bu kitaptan derslerimi saÄŸlamlaÅŸtÄ±rÄ±yorum
3,@MidyatEstel-m8m,Ã‡ok gÃ¼zel okudunuz hocam inÅŸallah bana fayda olur
3,@serpilsenaturcan2015,Ã‡ok gÃ¼zel bir Ã§alÄ±ÅŸma videosu tavsiye ederim
3,@bozkurte90,Allah razÄ± olsun hocam dÃ¼nya dijital dÃ¼zene gidiyor ne yaziki
3,@haliterdogan1272,Ahiret hayatÄ± iÃ§in Ã§ok Ã¶nemli hadisler.Allah emeÄŸi geÃ§enlerden razÄ± olsun
3,@SKLC-rr4do,Kur'an-Ä± KerÃ®m de tÄ±pkÄ± bÃ¶yledir; insanoÄŸlunun dÃ¼nya hayatÄ±nÄ± nasÄ±l yaÅŸayacaÄŸÄ±nÄ±n yolunu bizlere tarif ediyor.
3,@kurtkaya2575,Kainattan tek sahibi Yaradan AllahdÄ±r . Onun izni olmadan O ol demenden hiÃ§ bir ÅŸey olmaz hatta GÃ¼rtunaâ€™da yaprak bile kÄ±mÄ±ldamazzzzzzzzzzz.
3,@SÄ±Ã¼Ã¼Ã¼Ã¼Ã¼-g2c,Ben daha yeni kuran kursuna gittim bana bunu verdiler ben QR kodu okutarak girdim bu sayfaya yardÄ±mcÄ± oldu
3,@BeratMuhammedBAYAR_12540,KÄ±sa ve anlaÅŸÄ±lÄ±r. Bu kitaptan bende var.
1,@muhammedzakirsahin1977,Abi dÃ¼zgÃ¼n oku hiÃ§ bir ÅŸey anlaÅŸÄ±lmÄ±yor
3,@dogukanakkoyun4262,Biz doÄŸru yoldan ayrÄ±lmamalÄ±yÄ±z Ã¶lÃ¼mÃ¼ tadacaÄŸÄ±z rabbimizi seveceÄŸiz af dileyecegiz HZ Adem aleyhiselamÄ±n yolundan gitmemiz lazÄ±m dÃ¼nya imtihan dÃ¼nyasÄ± doÄŸduk bÃ¼yÃ¼dÃ¼k Ã¶leceÄŸiz
3,@zeynepemen49,"Yeni dinlemeye ve Ã¶ÄŸrenmeye baÅŸladÄ±m, her dinlediÄŸimde kalbime bir huzur dokunur. Rabbim herkese yardÄ±m etsin lÃ¼tfen sizlerde bana bu yolda yardÄ±mcÄ± olun sonuna kadar dinlemek ve Ã¶ÄŸrenmek istiyorum. Åimdiden Allah sizlerden razÄ± olsun â¤"
3,@iboo1,Ä°ÅŸte budur yapandan sebep olandan allah razÄ± olsun bu tam istediÄŸim gibi arapÃ§a mealli
3,@semihaksari15,Ã‡ok gÃ¼zel yapanlarÄ±n emeÄŸine saÄŸlÄ±k
3,@qilicharslan,Kuranâ€™i Kerimâ€™i anlamamizda Emegi gecen herkesten Allah razi olsun.
3,@huseyinarslan6001,Ã‚llah Celle-Celaluhu Okuyandan Vesile Olandan RazÄ± Olsun Ã‡ok GÃ¼zel bir CalÄ±ÅŸma OlmuÅŸ
3,@oktaytuna1774,EmeÄŸi geÃ§en herkese teÅŸekkÃ¼rler. Tek kelime ile muazzam bir Ã§alÄ±ÅŸma olmuÅŸ. Kur'an-Ä± Kerim okumayÄ± yeni Ã¶ÄŸrenmiÅŸ biri olarak kendimi geliÅŸtirme & test etmek iÃ§in mÃ¼kemmel. Eksiklerimi ve tecvid hatalarÄ±mÄ± tespit edebiliyorum.
3,@murattasci55,"Allah RazÄ± olsun 
 Bu konularda sosyal platformlarda Diyanet daha Ã§ok gÃ¶rÃ¼nmelidir. Art niyetlilere fÄ±rsat verilmemelidir.
 Bir de bu mukabeleyi SURE ler olarak yÄ±nlarsanÄ±z Ã§ok seviniriz.Allah emeklerinizi boÅŸa Ã§Ä±karmasÄ±n."
3,@nurtensac,MuhteÅŸem bir yapÄ±m. Ä°yi ki varsÄ±n Diyanet Radyo ğŸŒ¹
3,@prensestv1455,Allah razÄ± olsun Ã§ok gÃ¼zel bir Ã§alÄ±ÅŸma olmuÅŸ emeÄŸi geÃ§en herkesten razÄ± olsun.
3,@ramazanbalkc6163,Ã‡ok duygulandÄ±m ÅŸÃ¼kÃ¼rler olsun Allah'Ä±n verdiÄŸi her ÅŸeye.
3,@hamzaburaktuccar4581,Bize bu radyoyu dinleyecek kulak veren bu radyoyu Ã¶ven aÄŸÄ±zÄ± veren harfleri gÃ¶rÃ¼p yazdÄ±ran gÃ¶z veren Allah'a Hamdolsun
3,@iranFilmleri,her bÃ¶lÃ¼m o kadar etkileyici ki yorum yapmadan geÃ§mem haksÄ±zlÄ±k olur . En ayrÄ±ntÄ±sÄ±na kadar iÅŸleyimiÅŸler . Rabbim tekrardan razÄ± olsun...
3,@ilkbahar9_9_9,"Ä°yi ki bu gÃ¼zelliÄŸe vesile oldunuz, iyi ki sizin vesilenizle dinliyoruz gÃ¼zel Peygamberimiz(S.A.V)'in hayatÄ±nÄ±. TÃ¼m bÃ¶lÃ¼mleri izleyeceÄŸim Ä°nÅŸAllah.
 Yorum, beÄŸeni ve Ã§evremize de tavsiye ederek daha Ã§ok insana ulaÅŸmak nasip olsun"
3,@esrakocabacak6961,EmeÄŸi geÃ§enlerden Allah razÄ± olsun.Daha Ã¶nceden 160 bÃ¶lÃ¼mÃ¼ bitirememistik ailecek.Simdi bu ramazan yeniden basladim dinlemeye o kadar guzel ki?Her bÃ¶lÃ¼m yÃ¼regime dokunuyor.Peygamberimiz e bakÄ±p biz mÃ¼slÃ¼manlar nerelerde hata yapiyoruz?Gazzede akan kanÄ± durdurmak iÃ§in niÃ§in bir olamiyoruz?sorularini yeniden dÃ¼ÅŸÃ¼nÃ¼yorum.Cikaracagimiz cok ders var.Allah bize basiret feraset cesaret birlik dirlik versinğŸ¤²ğŸ¼
3,@ilkbahar9_9_9,"Her izlediÄŸim bÃ¶lÃ¼mde yorum yapmak istiyorum, Ä°nÅŸAllah izleyen gÃ¶nlÃ¼ gÃ¼zel insanlar da beÄŸeni, yorum, Ã§evresine duyurarak destek verirse hep birlikte bizim de kÃ¼Ã§Ã¼cÃ¼k de katkÄ±mÄ±z olmuÅŸ olur ğŸ’
 Emek verdiniz 160 bÃ¶lÃ¼m her birinize Ã§ok teÅŸekkÃ¼r ederiz Allah razÄ± olsun sizlerden"
3,@gulsenkara3277,Ãeni rastladm.Ã§ok beÄŸendim.seslendirme harika.bugÃ¼ne kadar haberdar olamadÄ±ÄŸm iÃ§in Ã¼zgÃ¼nÃ¼m.ÅŸimdi bÃ¼tÃ¼n bÃ¶lÃ¼mleri araÅŸtÄ±rÄ±p dinliycem.dostlarÄ±ma gÃ¶ndercm .emeÄŸi geÃ§enlerden Allah razÄ± olsun.Ã§ok daha gÃ¼zel eserlereee.
3,@menekseugurlu2803,Harika Ã¶tesi hayel ediyorum o gÃ¼nleri yaÅŸatÄ±yor sanki Allah razÄ± olsun emeÄŸi geÃ§enlerden kitaptan daha tesirli olmus
2,@uguradan1175,Allah birdir...
3,@ramazanylmaz6664,Ã‡ok gÃ¼zel olmuÅŸ Allah devamÄ±nÄ± getirsin
3,@fatmadogan5091,Allah sizden razÄ± olsun Ã§ok gÃ¼zel zevkle dinliyoruz Ã§ocuklar la
3,@huseyintugral6323,SaÄŸolun
3,@fbyemre44,sÃ¼per ya. elhamdÃ¼lillah. Ã§ok gÃ¼zel bir eser.
3,@efraim129,"Yazan,yÃ¶neten ve seslendiren herkese teÅŸekkÃ¼rler"
3,@fadimeugur1127,Allah emeÄŸi geÃ§en herkesten razÄ± olsun
3,@senacakr4536,Rabbim razÄ± olsun
3,@karanlkhayat2440,Allah'tan baÅŸka ilah yoktur ğŸŒ·ğŸŒ¹ğŸ¥€
3,@YusufEminTumer-og1ve,Allah tek ve yÃ¼cedir
3,@kubratorlak656,emeÄŸi geÃ§enlere teÅŸekkÃ¼r ve dua ileğŸŒ¼
1,@hilalayz06,YazÄ±k
1,@casinoadami3302,YazÄ±klar olsun
1,@TÃ¼layÃ‡iftÃ§i-r4g,Komedi ya. Allah Ä±m bizleri bÃ¶yle cahil bilmezlerden koru
1,@kadirsen5073,liyakatsÄ±z kiÅŸiler bu kadar gÃ¶rev yapar
1,@Taner_yildiz_36,Bu ÅŸahÄ±s yÃ¼zÃ¼nden millet dinine soÄŸudu
1,@sebahattinaydin-g7y,NasÄ±l bir torpilin var daha o makamdasin
2,@murattekin_5050,Bu hutbe iman edenler iÃ§in diÄŸer imansÄ±zlarÄ± alakadar etmez
3,@zeynepaltunbas5865,"Allah 'Ä±n emir ve yasaklarÄ±nÄ± dosdoÄŸru bir ÅŸekilde insansanlara duyuran bildiren hocalarÄ±mÄ±zdan Allah razÄ± olsun.
 
 
 Uyan uyar,uymayan uymaz, her insan Ahirette gideceÄŸi yerini ona gÃ¶re hazÄ±rlar. 
 Kimsenin bu vaazlarÄ±n verilmesine engel olmaya hakkÄ± yoktur.
 
 O bir hocaysa Allah'Ä±n bildirdiklerini bizlere duyurmaya mecburdur,"
3,@MustafaDemir-d6n,Ben MÃ¼slÃ¼man olarak cok beÄŸendim bu haftanÄ±n hutbesini .
3,@serkanbuyukcinar,Diyanet Ä°ÅŸlerinin asli vazifelerini ifadaki istikamet ve gayretini tebrik ve takdir ediyoruzğŸŒ·
3,@sengetligul2627,Ã‡ok ÅŸÃ¼kÃ¼r hakkÄ± haykÄ±ran hocalarÄ±mÄ±z Ã¼mmeti uyarmaya baÅŸladÄ±...Devam...ğŸ¤²ğŸŒ¹ğŸ‘ğŸ‡¹ğŸ‡·
3,@serpilhizmetli9483,"Hutbeyi o kadar beÄŸendim ki ,yÄ±llardÄ±r bu kadar net bir hutbe duymamÄ±ÅŸtÄ±m ÅŸaÅŸkÄ±nlÄ±kla dinlerken taktir ettim bravo dedim. Tam bir emribilmaruf neyhianilmunker di."
3,@enginozkan5314,Hutbeyi hazÄ±rlayanlardan Allah razÄ± olsun. RahatsÄ±z olan kesim zaten bizden deÄŸil namaza bile gitmemiÅŸtir
3,@eskiveyeni0,Biz razÄ±yÄ±z lÃ¼tfen bÃ¶yle hutbelerin devamÄ± gelsin
3,@ORK4077,Ã‡ok gÃ¼zel bir hutbeydi. Allah razÄ± olsun
3,@mehmetzeybekk,"Bukadar net bir hutbe. 
 HazÄ±rlayanlardan Allah razÄ± olsun ğŸ¤²"
3,@nos9071,Allah diyanetten razi olsun.
1,@saffetkoroglu2851,Diyanetin ne dediÄŸi umurumda deÄŸil
1,@channelumbrella3347,"diyanet diye bir kurumu tanÄ±mÄ±yorum, hÄ±yanet kurumu artÄ±k"
1,@OmerArslan-rn8hb,Bir dinin bakanlÄ±ÄŸÄ± olur mu yani saÃ§ma sapan ÅŸeyler
1,@Extracheeseontop1,Ne iÅŸe yarÄ±yor bu diyanet ?
3,@Gumuskol,Biz MÃ¼slÃ¼manlar bu tÃ¼r hutbelerden razÄ±yÄ±z.
3,@ayfer633,MÃ¼slÃ¼manlarÄ±n memnun olduÄŸu bir hutbe Allah razÄ± olsun
3,@Semra-fc2tp,RABBÄ°M hutbeyi yapan hocamÄ±zdan razÄ± olsun ğŸ¤²ğŸ¤²ğŸ¤²
3,@MustafadoÄŸanikizler,Diyanet baÅŸkanlÄ±ÄŸÄ± bÃ¶yle hutbelerin devamÄ±nÄ± bekliyoruz Allah sizden razÄ± olsun yolunuz aÃ§Ä±k olsun...
3,@CCCemrecapraz571,YÄ±llardÄ±r beklediÄŸim hutbe mesajÄ±. Onlar gÃ¼nah iÅŸleme Ã¶zgÃ¼rlÃ¼ÄŸÃ¼ peÅŸinde olduÄŸu iÃ§in bunlarÄ± duymaya dahi tahammÃ¼l edemiyorlar. MÃ¼slÃ¼man mÃ¼slÃ¼manÄ± haramdan ve gunahdan korumalÄ±.
3,@hikmetaydin5557,YÃ¼z yÄ±llardÄ±r Ä°lk defa bu hutbe de Allah'Ä±n emir ve yasaklarÄ±nÄ± herkesi uyardÄ± diyanet baÅŸkanÄ±na Allah razÄ± olsun hep bu ÅŸekilde uyarÄ±cÄ± hutbeleri daima tÃ¼m mÃ¼slÃ¼man kardeÅŸlerimizi uyarilsin bÃ¼tÃ¼n.musluman kardeÅŸlerime selam olsun
3,@mustafatekeli9665,"On numara hutbe, yazandan Allah razÄ±olsun"
3,@tayfuntaskin2413,MÃ¼slÃ¼manlarÄ± ilgilendiren bir hutbeydi bir mÃ¼slÃ¼man olarak hiÃ§ rahatsÄ±z olmadÄ±m.
3,@muraterdogan2620,Vallahi aklÄ±ma gelmiÅŸti bunun tepki Ã§ekeceÄŸi hutbe dinlerken. Ä°ÅŸte bÃ¶yle hutbeler verilsin her zaman destek olalÄ±m.
3,@fatmazehra1064,MÃ¼slÃ¼man Ãœlkesinde Allah'Ä±n Emirlerini HatÄ±rlatmak En DoÄŸal Åey MÃ¼slÃ¼man OlmayanlarÄ±n Ãœzerlerine AlmasÄ±na Gerek Yok ğŸ˜Š
3,@aytengunes6267,BÃ¼yÃ¼klerimiz demiÅŸ bir sÃ¶z sÃ¶ylendiÄŸi zaman o sÃ¶zÃ¼n muattabini rahatsÄ±z eder demekki diyanet doÄŸru bir hutbe sohbeti yapmÄ±ÅŸ Allah razÄ± olsun
3,@yusufkeskinol5635,Hutbeyi dinledim Ã§ok beÄŸendim Allah razÄ± olsun
3,@gurkancekic9057,Bu hutbe son derece Ä°slam 'a uygun bir hutbedir. Son dÃ¶nemdeki Cuma hutbelerinin Ä°slam'a daha uygun verildiÄŸini dÃ¼ÅŸÃ¼nÃ¼yorum. RahatsÄ±z olanlar Ä°manlarÄ±na ve Kuran'a tekrar yÃ¶nelsinler.
3,@markt9081,Ortaya hutbe olmaz. Bunun gibi aÃ§Ä±k ve net olmalÄ±. Tebrikler diyanet
3,@reiiss58,Ben bu haftaki hutbeyi Ã§ok beÄŸendim hellal diyanete
3,@recepozdil7948,Diyanetin bu hutbesi en net olanlardan bir tanesiydi!â¤â¤â¤
3,@HuseyinYlmaz-rh4fo,"Hutbeyi biz dinledik,Ä°mam ettik,Ã§Ã¼nkÃ¼ mÃ¼slÃ¼manÄ±z,"
3,@ahmet-st8rx,Diyanet Ã§ok gÃ¼zel hutbe hazÄ±rlamÄ±ÅŸ Allah razÄ± olsun
3,@yasindelibal3737,Bu haftaki hutbe gerÃ§ekten Ã§ok gÃ¼zel Allah razÄ± olsun ğŸŒ¹
3,@FEKKA0618,"Bu hutbelerin her cuma yapÄ±lmasÄ± lazÄ±m,lazÄ±m ki Allah yolunda ilerleyelim ğŸ¤²ğŸ¼"
3,@hanifedurdaneeminoglu4952,Dini yayinlar TRT'de daha fazla olmalÄ±
3,@Batuhan-r9y,ElhamdÃ¼lillah sonunda Rabbimin emirleri sÃ¶yleniyor
3,@elmanelizade6531,Hep bÃ¶yle hutbeler yapÄ±lsÄ±n lÃ¼tfen.
3,@orhansacitkocak619,Diyanet diyanet olalÄ± ilk defa adam gibi hutbe yayÄ±nladÄ± cumada hutbede zevkle dinledim keÅŸke her konuda bÃ¶yle dirayetli olsalar
3,@zaferinananlarndr7375,BÃ¶yle hutbeler lazÄ±m asÄ±l hutbe budur
3,@enderguven1304,Diyanete helal olsun....
3,@ahmetay7167,"Allah razÄ± olsun hocalarÄ±mÄ±zdan, bize dinimizi anlatacak tabiki. Zaten camiye gelen MÃ¼slÃ¼man olduÄŸu iÃ§in sorun da yok. Gelenler rahatsÄ±z olmaz. Bu MÃ¼slÃ¼manlarÄ± ilgilendirir. BeÄŸenmeyen kendine din arasÄ±n Rab arasÄ±n"
3,@NihalErgin-w4i,Hocam diline saglik Allah CC sizden razÄ± olsun
3,@TÃ¼rk-q8i,Diyanet iÅŸleri baÅŸkanlÄ±ÄŸÄ± ni canÄ± gÃ¶nÃ¼lden kutluyorum Allah razÄ± olsun Ä°slam'Ä±n gerÃ§ekleri ni anlattÄ±ÄŸÄ± iÃ§in
1,@reyhancingoz7697,Bu diyanet baÅŸÄ±ndan nefret ediyorum.
1,@MuratKesin-v2k,ALLAH KURTARSIN BU ZÄ°HNÄ°YETTEN